{"cameraMode":{"drawMode":0,"name":"Shaded","section":"Shading Mode"},"sceneLighting":true,"audioPlay":false,"sceneViewState":{"showFog":true,"showMaterialUpdate":false,"showSkybox":true,"showFlares":true,"showImageEffects":true,"showParticleSystems":true},"in2DMode":false,"pivot":{"x":1186.5113525390625,"y":800.17578125,"z":61.106689453125},"rotation":{"x":0.04827885702252388,"y":0.022467372938990594,"z":-0.0010860563488677145,"w":0.9985816478729248},"size":1883.872314453125,"orthographic":false}